"ISO3","name","fullname","APIcode"
"WLD","World","Planet Earth","World"
"ABW","Aruba","Aruba","aruba"
"AFG","Afghanistan","afghanistan"
"AIA","Anguilla","Anguilla","anguilla"
"ALB","Albania","Albania","albania"
"BMU","Bermuda","Bermuda","bermuda"
"DZA","Algeria","Algeria","algeria"
"AND","Andorra","Andorra","andorra"
"AGO","Angola","Angola","angola"
"ATG","Antigua and Barbuda","Antigua and Barbuda","antigua-and-barbuda"
"ARG","Argentina","Argentina","argentina"
"ARM","Armenia","Armenia","armenia"
"AUS","Australia","Australia","australia"
"AUT","Austria","Austria","austria"
"AZE","Azerbaijan","Azerbaijan","azerbaijan"
"BHS","Bahamas","Bahamas","bahamas"
"BHR","Bahrain","Bahrain","bahrain"
"BGD","Bangladesh","Bangladesh","bangladesh"
"BRB","Barbados","Barbados","barbados"
"BLR","Belarus","Belarus","belarus"
"BEL","Belgium","Belgium","belgium"
"BLZ","Belize","Belize","belize"
"BEN","Benin","Benin","benin"
"BTN","Bhutan","Bhutan","bhutan"
"BOL","Bolivia","Plurinational State of Bolivia","bolivia"
"BIH","Bosnia and Herzegovina","Bosnia and Herzegovina","bosnia-and-herzegovina"
"BWA","Botswana","Botswana","botswana"
"BRA","Brazil","Brazil","brazil"
"BRN","Brunei Darussalam","Brunei Darussalam","brunei-darussalam"
"BGR","Bulgaria","Bulgaria","bulgaria"
"BFA","Burkina Faso","Burkina Faso","burkina-faso"
"BDI","Burundi","Burundi","burundi"
"KHM","Cambodia","Cambodia","cambodia"
"CMR","Cameroon","Cameroon","cameroon"
"CAN","Canada","Canada","canada"
"CAF","CAR","Central African Republic","central-african-republic"
"CPV","Cape Verde","Cape Verde","cabo-verde"
"CYM","Cayman Islands","Cayman Islands","cayman-islands"
"TCD","Chad","Chad","chad"
"CHL","Chile","Chile","chile"
"CHN","China","China","china"
"COL","Colombia","Colombia","colombia"
"COM","Comoros","Comoros",""
"COG","Congo","Congo","congo"
"COD","Congo","Democratic Republic of Congo","democratic-republic-of-the-congo"
"CRI","Costa Rica","Costa Rica","costa-rica"
"CIV","Cote d'Ivoire","Cote d'Ivoire","cote-d-ivoire"
"HRV","Croatia","Croatia","croatia"
"CUB","Cuba","Cuba","cuba"
"CUW","Curaçao","Curaçao","curacao"
"CYP","Cyprus","Cyprus","cyprus"
"CZE","Czech Republic","Czech Republic","czech-republic"
"DNK","Denmark","Denmark","denmark"
"DJI","Djibouti","Djibouti","djibouti"
"DMA","Dominica","Dominica","cominica"
"DOM","Dominican Republic","Dominican Republic","dominican-republic"
"ECU","Ecuador","Ecuador","ecuador"
"EGY","Egypt","Egypt","egypt"
"SLV","El Salvador","El Salvador","el-salvador"
"GNQ","Equatorial Guinea","Equatorial Guinea","equatorial-guinea"
"ERI","Eritrea","Eritrea","eritrea"
"EST","Estonia","Estonia","estonia"
"ETH","Ethiopia","Ethiopia","ethiopia"
"FLK","Falkland Islands","Falkland Islands","falkland-islands-malvinas"
"FRO","Faroe Islands","Faroe Islands","faeroe-islands"
"FJI","Fiji","Fiji","fiji"
"FIN","Finland","Finland","finland"
"FRA","France","France","france"
"GUF","French Guiana","French Guiana","french-guiana"
"GUF","French Polynesia","French Polynesia","french-polynesia"
"GAB","Gabon","Gabon","gabon"
"GMB","Gambia","Gambia","gambia"
"GEO","Georgia","Georgia","goergia"
"DEU","Germany","Germany","germany"
"GHA","Ghana","Ghana","ghana"
"GRC","Greece","Greece","greece"
"GRL","Greenland","Greenland","greenland"
"GRD","Grenada","Grenada","grenada"
"GLP","Guadeloupe","Guadeloupe","guadeloupe"
"GTM","Guatemala","Guatemala","guatemala"
"GIN","Guinea","Guinea","guinea"
"GNB","Guinea-Bissau","Guinea-Bissau","guinea-bissau"
"GUY","Guyana","Guyana","guyana"
"HTI","Haiti","Haiti","haiti"
"HND","Honduras","Honduras","honduras"
"HKG","Hong Kong","Hong Kong Special Administrative Region of the People's Republic of China","china-hong-kong-sar"
"HUN","Hungary","Hungary","hungary"
"ISL","Iceland","Iceland","iceland"
"IND","India","India","india"
"IDN","Indonesia","Indonesia","indonesia"
"IRN","Iran","Islamic Republic of Iran","iran"
"IRQ","Iraq","Iraq","iraq"
"IRL","Ireland","Ireland","ireland"
"IMN","Isle of Man","Isle of Man","isle-of-man"
"ISR","Israel","Israel","israel"
"ITA","Italy","Italy","italy"
"JAM","Jamaica","Jamaica","jamaica"
"JPN","Japan","Japan","japan"
"JOR","Jordan","Jordan","jordan"
"KAZ","Kazakhstan","Kazakhstan","kazakhstan"
"KEN","Kenya","Kenya","kenya"
"KIR","Kiribati","Kiribati",""
"PRK","N. Korea","North Korea",""
"KOR","S. Korea","Republic of Korea","south-korea"
"KWT","Kuwait","Kuwait","kuwait"
"KGZ","Kyrgyzstan","Kyrgyzstan","kyrgyzstan"
"LAO","Laos","Lao People's Democratic Republic","laos"
"LVA","Latvia","Latvia","latvia"
"LBN","Lebanon","Lebanon","lebanon"
"LSO","Lesotho","Lesotho",""
"LBR","Liberia","Liberia","liberia"
"LBY","Libya","Libyan Arab Jamahiriya","libya"
"LIE","Liechtenstein","Liechtenstein","liechtenstein"
"LTU","Lithuania","Lithuania","Lithuania"
"LUX","Luxembourg","Luxembourg","luxembourg"
"MAC","Macau","Macau","china-macao-sar"
"MKD","Macedonia","Macedonia","macedonia"
"MDG","Madagascar","Madagascar","madagascar"
"MWI","Malawi","Malawi","malawi"
"MYS","Malaysia","Malaysia","malaysia"
"MDV","Maldives","Maldives","maldives"
"MLI","Mali","Mali","mali"
"MLT","Malta","Malta","malta"
"MHL","Marshall Islands","Marshall Islands",""
"MTQ","Martinique","Martinique","martinique"
"MRT","Mauritania","Mauritania","mauritania"
"MUS","Mauritius","Mauritius","mauritius"
"MYT","Mayotte","Mayotte","mayotte"
"MEX","Mexico","Mexico","mexico"
"FSM","Micronesia","Federated States of Micronesia",""
"MDA","Moldova","Republic of Moldova","moldova"
"MCO","Monaco","Monaco","monaco"
"MNG","Mongolia","Mongolia","mongolia"
"MNE","Montenegro","Montenegro","montenegro"
"MAR","Morocco","Morocco","morocco"
"MOZ","Mozambique","Mozambique","mozambique"
"MMR","Myanmar","Myanmar","myanmar"
"NAM","Namibia","Namibia","namibia"
"NRU","Nauru","Nauru",""
"NPL","Nepal","Nepal","nepal"
"NLD","Netherlands","Netherlands","netherlands"
"NIC","Nicaragua","Nicaragua","nicaragua"
"NCL","New Caledonia","New Caledonia","new-caledonia"
"NZL","New Zealand","New Zealand","new-zealand"
"NER","Niger","Niger","niger"
"NGA","Nigeria","Nigeria","nigeria"
"NOR","Norway","Norway","norway"
"OMN","Oman","Oman","oman"
"PAK","Pakistan","Pakistan","pakistan"
"PLW","Palau","Palau",""
"PSE","Palestine","Palestine","state-of-palestine"
"PAN","Panama","Panama","panama"
"PNG","Papua New Guinea","Papua New Guinea","papua-new-guinea"
"PRY","Paraguay","Paraguay","paraguay"
"PER","Peru","Peru","peru"
"PHL","Philippines","Philippines","philippines"
"POL","Poland","Poland","poland"
"PRT","Portugal","Portugal","portugal"
"QAT","Qatar","Qatar","qatar"
"REU","Reunion","Reunion","reunion"
"ROU","Romania","Romania","romania"
"RUS","Russia","Russian Federation","russia"
"RWA","Rwanda","Rwanda","rwanda"
"BLM","Saint Barthelemy","Saint Barthelemy","saint-barthelemy"
"KNA","Saint Kitts and Nevis","Saint Kitts and Nevis","saint-kitts-and-nevis"
"LCA","Saint Lucia","Saint Lucia","saint-lucia"
"MAF","Saint Martin","Saint Martin","saint-martin"
"SXM","Sint Maarten","Sint Maarten","sint-maarten"
"VCT","Saint Vincent and the Grenadines","Saint Vincent and the Grenadines","saint-vincent-and-the-grenadines"
"WSM","Samoa","Samoa",""
"SMR","San Marino","San Marino","san-marino"
"STP","Sao Tome and Principe","Sao Tome and Principe",""
"SAU","Saudi Arabia","Saudi Arabia","saudi-arabia"
"SEN","Senegal","Senegal","senegal"
"SRB","Serbia","Serbia","serbia"
"SYC","Seychelles","Seychelles","seychelles"
"SLE","Sierra Leone","Sierra Leone","sierra-leone"
"SGP","Singapore","Singapore","singapore"
"SVK","Slovakia","Slovakia","slovakia"
"SVN","Slovenia","Slovenia","slovenia"
"SLB","Solomon Islands","Solomon Islands",""
"SOM","Somalia","Somalia","somalia"
"ZAF","South Africa","South Africa","south-africa"
"ESP","Spain","Spain","spain"
"LKA","Sri Lanka","Sri Lanka","sri-lanka"
"SDN","Sudan","Sudan","sudan"
"SUR","Suriname","Suriname","suriname"
"SWZ","Swaziland","Swaziland","swaziland"
"SWE","Sweden","Sweden","sweden"
"CHE","Switzerland","Switzerland","switzerland"
"SYR","Syria","Syrian Arab Republic","syria"
"TWN","Taiwan","Taiwan","taiwan"
"TJK","Tajikistan","Tajikistan",""
"TZA","Tanzania","United Republic of Tanzania","tanzania"
"THA","Thailand","Thailand","thailand"
"TLS","Timor-Leste","Timor-Leste","timor-leste"
"TGO","Togo","Togo","togo"
"TON","Tonga","Tonga",""
"TTO","Trinidad and Tobago","Trinidad and Tobago","trinidad-and-tobago"
"TUN","Tunisia","Tunisia","tunisia"
"TUR","Turkey","Turkey","turkey"
"TKM","Turkmenistan","Turkmenistan",""
"TUV","Tuvalu","Tuvalu",""
"UGA","Uganda","Uganda","uganda"
"UKR","Ukraine","Ukraine","ukraine"
"ARE","UAE","United Arab Emirates","united-arab-emirates"
"GBR","UK","United Kingdom","uk"
"USA","USA","United States of America","us"
"URY","Uruguay","Uruguay","uruguay"
"UZB","Uzbekistan","Uzbekistan","uzbekistan"
"VEN","Venezuela","Bolivarian Republic of Venezuela","venezuela"
"VUT","Vanuatu","Vanuatu",""
"VGB","British Virgin Islands","British Virgin Islands","british-virgin-islands"
"VAT","Vatican City","Vatican City","holy-see"
"VNM","Viet Nam","Viet Nam","viet-nam"
"YEM","Yemen","Yemen",""
"ZMB","Zambia","Zambia","zambia"
"ZWE","Zimbabwe","Zimbabwe","zimbabwe"
